{"stats":{"minecraft:killed_by":{"zombie_extreme:infected_police":1},"minecraft:custom":{"minecraft:jump":52,"minecraft:time_since_rest":856,"minecraft:deaths":1,"minecraft:damage_dealt":77,"minecraft:crouch_one_cm":65,"minecraft:sprint_one_cm":21610,"minecraft:play_time":3384,"minecraft:damage_taken":242,"minecraft:time_since_death":790,"minecraft:walk_one_cm":11835,"minecraft:sneak_time":8,"minecraft:total_world_time":3384,"minecraft:fall_one_cm":484,"minecraft:fly_one_cm":8887},"minecraft:used":{"minecraft:leather_chestplate":1}},"DataVersion":2975}