{"stats":{"minecraft:picked_up":{"minecraft:wooden_pickaxe":1,"minecraft:torch":6,"minecraft:smooth_quartz":8,"minecraft:glass_bottle":1,"minecraft:stone_pressure_plate":1},"minecraft:dropped":{"minecraft:glass_bottle":4},"minecraft:killed_by":{"alexsmobs:bison":1,"zombie_extreme:infected_police":1},"minecraft:killed":{"minecraft:zombie":1},"minecraft:custom":{"minecraft:time_since_rest":431,"lootr:looted_stat":1,"minecraft:stove_opened":1,"minecraft:crouch_one_cm":1984,"minecraft:play_time":16202,"minecraft:sprint_one_cm":103368,"minecraft:walk_one_cm":65822,"minecraft:damage_taken":762,"minecraft:deaths":2,"minecraft:sneak_time":184,"minecraft:walk_under_water_one_cm":1508,"minecraft:mob_kills":1,"minecraft:drop":3,"minecraft:jump":219,"minecraft:leave_game":1,"minecraft:climb_one_cm":114,"minecraft:damage_dealt":440,"minecraft:drawer_searched":1,"minecraft:time_since_death":362,"minecraft:walk_on_water_one_cm":1393,"minecraft:total_world_time":16202,"minecraft:freezer_opened":2,"minecraft:swim_one_cm":4633,"minecraft:fall_one_cm":4056,"minecraft:fly_one_cm":41146},"minecraft:used":{"minecraft:torch":10,"minecraft:potion":3,"apocalypsenow:cereal":3,"minecraft:leather_chestplate":1,"minecraft:wooden_pickaxe":36,"minecraft:stone_pressure_plate":1,"minecraft:smooth_quartz":8},"minecraft:mined":{"minecraft:stone_pressure_plate":1,"minecraft:smooth_quartz":8,"minecraft:wall_torch":6,"minecraft:torch":1,"minecraft:spawner":3}},"DataVersion":2975}