{"stats":{"minecraft:picked_up":{"tac:round45":1,"quark:smooth_stone_vertical_slab":1,"patchouli:guide_book":1,"minecraft:leather":1,"minecraft:torch":2,"embellishcraft:white_steel_door":1,"minecraft:string":4,"apocalypsenow:cooked_human_flesh":1,"minecraft:rotten_flesh":4,"minecraft:stone_bricks":2,"apocalypsenow:human_flesh":1,"minecraft:beef":2,"tac:9mm_round":1,"create:polished_cut_calcite_wall":3,"create:cut_calcite":2},"minecraft:killed_by":{"undead_revamp2:the_moonflower":1,"minecraft:zombie":1},"minecraft:dropped":{"minecraft:torch":1,"minecraft:glass_bottle":1,"create:polished_cut_calcite_wall":1,"minecraft:stone_bricks":1,"patchouli:guide_book":1},"minecraft:broken":{"apocalypsenow:baseball_bat":1},"minecraft:killed":{"minecraft:husk":2,"minecraft:cow":1},"minecraft:custom":{"minecraft:time_since_rest":15421,"lootr:looted_stat":7,"minecraft:sprint_one_cm":107306,"minecraft:walk_one_cm":115622,"minecraft:damage_taken":947,"minecraft:mob_kills":5,"minecraft:drop":5,"minecraft:damage_dealt":1655,"minecraft:toilet_used":1,"minecraft:swim_one_cm":14488,"minecraft:freezer_opened":2,"minecraft:fly_one_cm":122070,"minecraft:interact_with_loom":2,"minecraft:crouch_one_cm":564,"minecraft:stove_opened":2,"minecraft:deaths":2,"minecraft:play_time":31140,"minecraft:interact_with_campfire":3,"minecraft:sneak_time":195,"minecraft:walk_under_water_one_cm":4036,"minecraft:trashcan_opened":2,"minecraft:jump":438,"minecraft:leave_game":4,"minecraft:time_since_death":15362,"minecraft:walk_on_water_one_cm":1310,"minecraft:total_world_time":31140,"minecraft:climb_one_cm":1606,"minecraft:fall_one_cm":12586},"minecraft:used":{"apocalypsenow:cooked_human_flesh":1,"minecraft:apple":1,"farmersdelight:apple_cider":1,"apocalypsenow:ballpeen_hammer":9,"apocalypsenow:baseball_bat":33,"farmersdelight:melon_popsicle":1,"minecraft:wooden_pickaxe":24,"minecraft:leather_boots":1,"minecraft:stone_bricks":1,"minecraft:torch":1,"minecraft:potion":2,"create:polished_cut_calcite_wall":1},"minecraft:mined":{"create:cut_calcite":2,"minecraft:dark_oak_planks":1,"quark:smooth_stone_vertical_slab":1,"embellishcraft:white_steel_door":1,"minecraft:grass":1,"create:polished_cut_calcite_wall":2,"minecraft:stone_bricks":1,"create:dark_oak_window_pane":1,"minecraft:wall_torch":1,"minecraft:spawner":7}},"DataVersion":2975}