{"stats":{"minecraft:picked_up":{"patchouli:guide_book":1,"minecraft:leather":1,"minecraft:torch":2,"minecraft:beef":2},"minecraft:killed_by":{"undead_revamp2:the_moonflower":1},"minecraft:dropped":{"minecraft:torch":1,"patchouli:guide_book":1},"minecraft:killed":{"minecraft:cow":1},"minecraft:broken":{"apocalypsenow:baseball_bat":1},"minecraft:custom":{"minecraft:time_since_rest":513,"minecraft:crouch_one_cm":84,"minecraft:deaths":1,"minecraft:sprint_one_cm":25151,"minecraft:play_time":15005,"minecraft:damage_taken":424,"minecraft:walk_one_cm":33910,"minecraft:sneak_time":9,"minecraft:mob_kills":3,"minecraft:drop":2,"minecraft:jump":125,"minecraft:damage_dealt":1204,"minecraft:leave_game":3,"minecraft:time_since_death":474,"minecraft:total_world_time":15005,"minecraft:fall_one_cm":6259,"minecraft:fly_one_cm":65478},"minecraft:used":{"minecraft:torch":1,"apocalypsenow:baseball_bat":33,"minecraft:leather_boots":1},"minecraft:mined":{"minecraft:grass":1,"minecraft:wall_torch":1}},"DataVersion":2975}