{"stats":{"minecraft:picked_up":{"tac:round45":1,"minecraft:rotten_flesh":2,"patchouli:guide_book":1,"minecraft:leather":1,"apocalypsenow:human_flesh":1,"minecraft:torch":2,"minecraft:beef":2,"minecraft:string":2},"minecraft:killed_by":{"minecraft:zombie":1,"undead_revamp2:the_moonflower":1},"minecraft:dropped":{"minecraft:torch":1,"patchouli:guide_book":1},"minecraft:killed":{"minecraft:cow":1},"minecraft:broken":{"apocalypsenow:baseball_bat":1},"minecraft:custom":{"minecraft:time_since_rest":2603,"minecraft:crouch_one_cm":308,"minecraft:sprint_one_cm":39071,"minecraft:play_time":18322,"minecraft:damage_taken":742,"minecraft:deaths":2,"minecraft:walk_one_cm":50571,"minecraft:sneak_time":103,"minecraft:mob_kills":3,"minecraft:drop":2,"minecraft:jump":229,"minecraft:damage_dealt":1282,"minecraft:leave_game":3,"minecraft:time_since_death":2544,"minecraft:total_world_time":18322,"minecraft:fall_one_cm":8610,"minecraft:fly_one_cm":77157},"minecraft:used":{"minecraft:torch":1,"apocalypsenow:baseball_bat":33,"minecraft:wooden_pickaxe":6,"minecraft:leather_boots":1},"minecraft:mined":{"minecraft:grass":1,"minecraft:wall_torch":1}},"DataVersion":2975}