{"stats":{"minecraft:picked_up":{"minecraft:birch_log":1,"patchouli:guide_book":1,"apocalypsenow:human_flesh":1,"minecraft:torch":8,"minecraft:porkchop":7},"minecraft:killed_by":{"zombie_extreme:infected_police":2,"undead_revamp2:the_moonflower":1},"minecraft:dropped":{"apocalypsenow:human_flesh":1,"patchouli:guide_book":1},"minecraft:killed":{"minecraft:pig":3},"minecraft:custom":{"minecraft:time_since_rest":696,"minecraft:crouch_one_cm":107,"minecraft:sprint_one_cm":63423,"minecraft:play_time":16213,"minecraft:damage_taken":988,"minecraft:deaths":3,"minecraft:walk_one_cm":41223,"minecraft:sneak_time":58,"minecraft:mob_kills":2,"minecraft:drop":2,"minecraft:jump":181,"minecraft:damage_dealt":577,"minecraft:leave_game":2,"minecraft:time_since_death":693,"minecraft:total_world_time":16213,"minecraft:fall_one_cm":5940,"minecraft:fly_one_cm":34929},"minecraft:used":{"minecraft:torch":8,"minecraft:potion":1,"apocalypsenow:baseball_bat":25,"minecraft:bread":1,"minecraft:birch_log":1},"minecraft:mined":{"minecraft:grass":2,"minecraft:birch_log":1,"minecraft:birch_leaves":1,"minecraft:wall_torch":1,"minecraft:torch":7}},"DataVersion":2975}