{"stats":{"minecraft:picked_up":{"minecraft:birch_log":1,"patchouli:guide_book":1,"minecraft:torch":8,"minecraft:porkchop":7},"minecraft:dropped":{"patchouli:guide_book":1},"minecraft:killed_by":{"undead_revamp2:the_moonflower":1},"minecraft:killed":{"minecraft:pig":3},"minecraft:custom":{"minecraft:time_since_rest":94,"minecraft:crouch_one_cm":107,"minecraft:deaths":1,"minecraft:sprint_one_cm":37437,"minecraft:play_time":12659,"minecraft:damage_taken":368,"minecraft:walk_one_cm":29173,"minecraft:sneak_time":11,"minecraft:mob_kills":1,"minecraft:drop":1,"minecraft:jump":97,"minecraft:damage_dealt":256,"minecraft:leave_game":2,"minecraft:time_since_death":43,"minecraft:total_world_time":12659,"minecraft:fall_one_cm":3201,"minecraft:fly_one_cm":15870},"minecraft:used":{"minecraft:torch":8,"minecraft:potion":1,"apocalypsenow:baseball_bat":9,"minecraft:bread":1,"minecraft:birch_log":1},"minecraft:mined":{"minecraft:grass":2,"minecraft:birch_log":1,"minecraft:wall_torch":1,"minecraft:torch":7}},"DataVersion":2975}