{"stats":{"minecraft:picked_up":{"minecraft:birch_log":1,"patchouli:guide_book":1,"minecraft:torch":14,"create:framed_glass_trapdoor":1,"minecraft:porkchop":7,"minecraft:blast_furnace":2,"minecraft:bone":2,"minecraft:rotten_flesh":7,"apocalypsenow:human_flesh":3,"pfm:oak_brown_simple_bed":1,"create:track":1,"immersiveengineering:capacitor_mv":1,"minecraft:glass_bottle":1,"apocalypsenow:construction_helmet":1,"immersiveengineering:light_engineering":1},"minecraft:killed_by":{"undead_revamp2:thesmoker":1,"undead_revamp2:the_moonflower":1,"minecraft:zombie":1,"zombie_extreme:infected_police":2},"minecraft:dropped":{"apocalypsenow:human_flesh":1,"minecraft:glass_bottle":1,"patchouli:guide_book":1},"minecraft:broken":{"minecraft:leather_chestplate":1},"minecraft:killed":{"minecraft:zombie":7,"minecraft:pig":3,"zombie_extreme:runner":1},"minecraft:custom":{"minecraft:time_since_rest":2055,"lootr:looted_stat":2,"minecraft:sprint_one_cm":125592,"minecraft:damage_taken":1703,"minecraft:walk_one_cm":90308,"minecraft:mob_kills":10,"minecraft:fridge_opened":1,"minecraft:drop":3,"minecraft:damage_dealt":2079,"minecraft:toilet_used":3,"minecraft:swim_one_cm":5193,"minecraft:fly_one_cm":75234,"minecraft:crouch_one_cm":297,"minecraft:play_time":29031,"minecraft:deaths":5,"minecraft:sneak_time":472,"minecraft:walk_under_water_one_cm":1124,"minecraft:jump":352,"minecraft:interact_with_blast_furnace":1,"minecraft:leave_game":2,"minecraft:time_since_death":2026,"minecraft:walk_on_water_one_cm":1573,"minecraft:total_world_time":29031,"minecraft:climb_one_cm":391,"minecraft:fall_one_cm":8785},"minecraft:used":{"apocalypsenow:wrapped_baseball_bat":91,"minecraft:bread":2,"apocalypsenow:baseball_bat":26,"minecraft:wooden_pickaxe":7,"create:framed_glass_trapdoor":1,"minecraft:torch":13,"minecraft:potion":4,"apocalypsenow:peach_juice":1,"minecraft:birch_log":1},"minecraft:mined":{"minecraft:birch_log":1,"immersiveengineering:capacitor_mv":1,"minecraft:birch_leaves":3,"create:track":1,"minecraft:torch":8,"minecraft:grass":2,"minecraft:blast_furnace":2,"create:framed_glass_trapdoor":1,"immersiveengineering:light_engineering":1,"pfm:oak_brown_simple_bed":1,"minecraft:wall_torch":4,"minecraft:spawner":1}},"DataVersion":2975}